"","host_is_superhost","host_identity_verified","neighborhood","property_type","room_type","accommodates","bathrooms","bedrooms","beds","bed_type","price","guests_included","minimum_nights","number_of_reviews","instant_bookable","is_business_travel_ready","cancellation_policy"
"140","t","t","Jamaica Plain","Apartment","Entire home/apt",8,2,4,6,"Real Bed",439,6,2,51,"t","t","strict"
"183","f","t","Jamaica Plain","Apartment","Entire home/apt",6,1,3,3,"Real Bed",500,5,3,9,"f","f","strict"
"222","f","f","Jamaica Plain","House","Entire home/apt",8,3.5,4,4,"Real Bed",495,1,14,0,"t","f","flexible"
"340","f","f","Jamaica Plain","House","Entire home/apt",6,3,3,6,"Real Bed",450,1,1,11,"f","f","flexible"
"360","f","t","Jamaica Plain","Apartment","Entire home/apt",6,1.5,3,3,"Real Bed",499,5,2,96,"f","f","strict"
"375","f","f","Jamaica Plain","House","Entire home/apt",10,3.5,4,7,"Real Bed",650,1,2,1,"f","f","flexible"
"377","t","t","Jamaica Plain","House","Entire home/apt",10,2.5,4,6,"Real Bed",575,8,3,54,"f","f","strict"
"386","f","f","Jamaica Plain","Apartment","Entire home/apt",12,2,4,5,"Real Bed",725,1,3,17,"f","f","strict"
"396","t","t","Jamaica Plain","House","Entire home/apt",11,3.5,5,5,"Real Bed",500,6,3,45,"f","t","strict"
"397","f","t","Jamaica Plain","House","Entire home/apt",8,2.5,3,4,"Real Bed",450,4,2,12,"f","f","moderate"
"413","f","t","Jamaica Plain","House","Entire home/apt",10,2.5,4,6,"Real Bed",500,1,3,7,"f","f","moderate"
"420","f","f","Jamaica Plain","Apartment","Entire home/apt",6,1,3,3,"Real Bed",500,5,1,0,"f","f","flexible"
"474","f","f","Jamaica Plain","Apartment","Entire home/apt",3,1,0,2,"Real Bed",900,1,2,0,"t","f","flexible"
"478","f","f","Jamaica Plain","Apartment","Entire home/apt",12,2,4,5,"Real Bed",550,1,3,10,"f","f","strict"
"602","f","t","Mission Hill","Apartment","Entire home/apt",8,2,3,5,"Real Bed",500,5,6,0,"f","f","strict"
"609","f","f","Mission Hill","Apartment","Private room",1,1,1,1,"Real Bed",872,1,1,0,"f","f","flexible"
"651","f","t","Bay Village","Apartment","Entire home/apt",2,1,0,1,"Real Bed",600,1,1,0,"f","f","flexible"
"661","f","t","Bay Village","Condominium","Entire home/apt",2,1.5,1,1,"Real Bed",990,1,3,0,"f","f","moderate"
"662","t","t","Bay Village","Apartment","Entire home/apt",7,1.5,3,4,"Real Bed",423,7,3,33,"t","t","strict"
"663","f","f","Bay Village","Townhouse","Entire home/apt",6,2,2,2,"Real Bed",1250,1,5,0,"f","f","flexible"
"676","f","f","Bay Village","House","Entire home/apt",5,2.5,2,4,"Real Bed",500,1,5,7,"t","f","strict"
"694","f","f","Chinatown","Apartment","Entire home/apt",5,2,2,2,"Real Bed",800,1,6,2,"f","f","strict"
"696","f","f","Chinatown","Apartment","Entire home/apt",3,1,1,1,"Real Bed",571,1,6,0,"f","f","strict"
"710","f","f","Chinatown","Apartment","Entire home/apt",3,1,1,1,"Real Bed",571,1,6,0,"f","f","strict"
"711","f","f","Chinatown","Apartment","Entire home/apt",5,2,2,2,"Real Bed",800,1,3,2,"f","f","strict"
"713","f","f","Chinatown","Apartment","Entire home/apt",3,1,1,1,"Real Bed",571,1,6,0,"f","f","strict"
"714","f","f","Chinatown","Apartment","Entire home/apt",3,1,1,1,"Real Bed",571,1,3,0,"f","f","strict"
"719","f","f","Chinatown","Apartment","Entire home/apt",3,1,1,1,"Real Bed",571,1,3,0,"f","f","strict"
"722","f","f","Chinatown","Apartment","Entire home/apt",5,2,2,2,"Real Bed",800,1,6,0,"f","f","strict"
"767","f","t","Chinatown","Other","Entire home/apt",7,2,3,4,"Real Bed",558,1,7,0,"f","f","moderate"
"772","f","f","Chinatown","Apartment","Entire home/apt",5,2,2,2,"Real Bed",599,1,3,0,"f","f","strict"
"777","f","f","Chinatown","Apartment","Entire home/apt",5,2,2,2,"Real Bed",599,1,3,0,"f","f","strict"
"799","f","f","Chinatown","Apartment","Entire home/apt",5,2,2,2,"Real Bed",800,1,6,0,"f","f","strict"
"841","f","f","North End","House","Entire home/apt",6,2,3,3,"Real Bed",505,2,2,3,"t","f","super_strict_30"
"854","f","f","North End","Condominium","Entire home/apt",6,1.5,2,3,"Real Bed",425,4,3,1,"f","f","strict"
"899","f","f","North End","Condominium","Entire home/apt",6,1,2,2,"Real Bed",500,4,2,0,"t","f","strict"
"908","f","f","North End","Apartment","Entire home/apt",2,1,1,1,"Real Bed",559,1,2,0,"f","f","flexible"
"913","f","f","North End","House","Entire home/apt",12,2,3,7,"Real Bed",995,12,1,9,"t","t","strict"
"935","f","t","North End","Apartment","Entire home/apt",6,2,2,3,"Real Bed",600,4,2,8,"f","f","moderate"
"1122","f","t","Roxbury","Apartment","Entire home/apt",8,2,3,5,"Real Bed",450,5,6,15,"f","f","strict"
"1173","f","t","Roxbury","Apartment","Entire home/apt",8,2,3,4,"Real Bed",450,5,6,5,"f","f","strict"
"1218","t","t","Roxbury","Apartment","Entire home/apt",8,3,4,4,"Real Bed",900,7,2,3,"f","t","moderate"
"1227","t","t","Roxbury","Apartment","Entire home/apt",8,2,4,5,"Real Bed",625,1,3,3,"f","t","moderate"
"1232","f","t","Roxbury","Apartment","Entire home/apt",15,2,4,9,"Real Bed",536,10,1,83,"t","t","strict"
"1240","f","t","Roxbury","Apartment","Entire home/apt",16,3,5,10,"Real Bed",700,10,1,78,"t","t","strict"
"1264","f","t","South End","Apartment","Entire home/apt",5,2,3,4,"Real Bed",650,4,2,51,"f","t","moderate"
"1305","t","t","South End","Apartment","Private room",4,2,2,2,"Real Bed",597,1,2,24,"t","f","strict"
"1318","f","t","South End","House","Entire home/apt",10,2,5,7,"Real Bed",600,1,2,36,"f","t","strict"
"1331","f","t","South End","House","Entire home/apt",10,4.5,5,6,"Real Bed",1400,1,5,4,"f","f","moderate"
"1395","f","t","South End","Apartment","Entire home/apt",3,2,2,2,"Real Bed",450,3,7,1,"f","f","strict"
"1410","f","f","South End","Apartment","Entire home/apt",8,2.5,3,4,"Real Bed",417,1,2,64,"f","t","strict"
"1427","f","t","South End","Apartment","Entire home/apt",5,2,3,4,"Real Bed",550,1,2,1,"f","f","moderate"
"1429","t","t","South End","Condominium","Entire home/apt",4,2,2,2,"Real Bed",500,1,2,53,"f","t","moderate"
"1461","f","t","South End","House","Entire home/apt",4,2.5,2,2,"Real Bed",750,1,4,4,"f","f","strict"
"1481","f","t","South End","Apartment","Entire home/apt",8,2.5,3,4,"Real Bed",900,1,4,32,"f","t","strict"
"1494","t","t","South End","Townhouse","Entire home/apt",4,2.5,2,2,"Real Bed",575,1,2,35,"f","f","strict"
"1496","f","f","South End","Apartment","Entire home/apt",2,1,0,2,"Real Bed",1149,1,3,23,"f","t","strict"
"1500","f","t","South End","Apartment","Entire home/apt",8,2,3,4,"Real Bed",525,1,2,61,"t","f","strict"
"1528","t","t","South End","Other","Shared room",1,0,1,1,"Airbed",500,1,1,26,"f","f","strict"
"1532","f","t","South End","Apartment","Entire home/apt",4,1,2,2,"Real Bed",699,1,2,1,"t","f","strict"
"1537","f","t","South End","Apartment","Entire home/apt",2,1,1,1,"Real Bed",699,1,2,1,"t","f","strict"
"1558","f","f","South End","Apartment","Entire home/apt",12,2,2,2,"Real Bed",504,2,1,3,"f","f","strict"
"1587","f","f","South End","Townhouse","Entire home/apt",8,5,4,4,"Real Bed",2000,1,3,0,"f","f","flexible"
"1600","f","f","South End","Condominium","Entire home/apt",7,2,4,5,"Real Bed",450,4,1,7,"f","f","flexible"
"1633","f","t","Back Bay","Apartment","Entire home/apt",6,3,3,3,"Real Bed",603,1,3,39,"f","f","super_strict_30"
"1635","t","t","Back Bay","Apartment","Entire home/apt",4,1,2,3,"Real Bed",450,4,3,31,"f","t","moderate"
"1646","f","f","Back Bay","Apartment","Entire home/apt",6,0.5,2,2,"Real Bed",479,1,2,1,"f","f","flexible"
"1654","f","f","Back Bay","Apartment","Entire home/apt",5,1,2,3,"Real Bed",429,1,1,1,"t","f","strict"
"1655","f","f","Back Bay","Apartment","Entire home/apt",5,2,2,3,"Real Bed",429,1,2,30,"t","t","strict"
"1667","f","f","Back Bay","Apartment","Entire home/apt",3,1,1,1,"Real Bed",450,1,2,0,"f","f","flexible"
"1688","f","f","Back Bay","Apartment","Private room",1,1,1,1,"Real Bed",833,1,1,0,"t","f","flexible"
"1695","f","f","Back Bay","Apartment","Entire home/apt",5,2,2,3,"Real Bed",429,1,2,26,"t","t","strict"
"1701","f","f","Back Bay","Apartment","Entire home/apt",2,1,1,1,"Real Bed",514,1,1,0,"f","f","flexible"
"1710","f","f","Back Bay","Apartment","Entire home/apt",5,2,2,3,"Real Bed",429,1,2,14,"f","t","strict"
"1723","t","t","Back Bay","Condominium","Entire home/apt",7,2,3,3,"Real Bed",695,5,2,128,"t","t","strict"
"1741","t","t","Back Bay","Apartment","Entire home/apt",8,2.5,4,5,"Real Bed",500,5,2,44,"t","t","strict"
"1749","f","f","Back Bay","Apartment","Entire home/apt",8,2,3,3,"Real Bed",499,1,2,0,"f","f","flexible"
"1754","f","f","Back Bay","Apartment","Entire home/apt",4,2,2,3,"Real Bed",450,1,2,2,"f","f","strict"
"1773","f","t","Back Bay","Apartment","Entire home/apt",6,2,2,2,"Real Bed",550,1,2,4,"f","f","moderate"
"1774","f","f","Back Bay","Apartment","Entire home/apt",5,2,2,2,"Real Bed",429,1,2,2,"t","f","strict"
"1794","f","t","Back Bay","Apartment","Entire home/apt",6,1,2,2,"Real Bed",449,1,2,1,"f","f","super_strict_30"
"1809","f","f","Back Bay","Apartment","Entire home/apt",16,3.5,7,7,"Real Bed",525,1,3,28,"f","t","strict"
"1817","f","t","Back Bay","Apartment","Entire home/apt",4,2,2,2,"Real Bed",600,1,2,0,"f","f","flexible"
"1820","f","t","Back Bay","Apartment","Entire home/apt",6,2,2,3,"Real Bed",975,5,2,0,"f","f","strict"
"1867","f","f","Back Bay","Apartment","Entire home/apt",3,1,1,2,"Real Bed",429,1,1,1,"t","f","strict"
"1869","f","f","Back Bay","Apartment","Entire home/apt",3,1,1,2,"Real Bed",429,1,1,0,"t","f","strict"
"1870","f","f","Back Bay","Apartment","Entire home/apt",3,1,1,2,"Real Bed",429,1,1,1,"t","f","strict"
"1875","f","f","Back Bay","Apartment","Entire home/apt",3,1,1,2,"Real Bed",429,1,1,0,"t","f","strict"
"1876","f","f","Back Bay","Apartment","Entire home/apt",6,1.5,2,2,"Real Bed",680,4,1,0,"t","f","strict"
"1879","f","f","Back Bay","Apartment","Entire home/apt",7,2,3,4,"Real Bed",429,1,2,15,"f","t","strict"
"1884","f","t","Back Bay","Apartment","Entire home/apt",2,1,1,1,"Real Bed",699,1,2,0,"t","f","strict"
"1886","f","t","Back Bay","Townhouse","Entire home/apt",8,3,3,4,"Real Bed",999,6,1,6,"t","t","moderate"
"1889","f","f","Back Bay","Apartment","Entire home/apt",5,2,2,2,"Real Bed",429,1,2,0,"f","f","strict"
"1891","f","f","Back Bay","Apartment","Entire home/apt",5,2,2,3,"Real Bed",429,1,1,0,"t","f","strict"
"1894","f","f","Back Bay","Apartment","Entire home/apt",6,1,3,3,"Real Bed",568,1,2,39,"t","f","strict"
"1895","f","f","Back Bay","Apartment","Entire home/apt",5,1,2,3,"Real Bed",429,1,1,1,"t","f","strict"
"1898","f","f","Back Bay","Apartment","Entire home/apt",5,2,2,2,"Real Bed",429,1,2,8,"f","t","strict"
"1900","f","f","Back Bay","Apartment","Entire home/apt",4,2,2,2,"Real Bed",750,1,1,7,"f","t","strict"
"1901","f","t","Back Bay","Apartment","Entire home/apt",5,2,3,3,"Real Bed",450,1,5,1,"f","f","strict"
"1906","f","f","Back Bay","Apartment","Entire home/apt",5,2,2,2,"Real Bed",429,1,2,7,"t","t","strict"
"1910","t","f","Back Bay","Apartment","Entire home/apt",4,2,2,2,"Real Bed",425,1,4,32,"f","t","strict"
"1913","f","f","Back Bay","Apartment","Entire home/apt",5,2,2,3,"Real Bed",429,1,2,15,"f","t","strict"
"1915","f","t","Back Bay","House","Entire home/apt",6,2.5,3,2,"Real Bed",550,1,3,15,"f","f","moderate"
"1934","f","f","Back Bay","Apartment","Entire home/apt",2,1,1,1,"Real Bed",595,1,1,0,"f","f","flexible"
"1948","f","t","Back Bay","Apartment","Entire home/apt",5,3.5,3,3,"Real Bed",1250,1,30,1,"f","f","strict"
"1963","f","f","Back Bay","Apartment","Entire home/apt",2,1,1,1,"Real Bed",600,1,1,0,"f","f","flexible"
"1987","f","f","Back Bay","Apartment","Entire home/apt",5,1,2,3,"Real Bed",429,1,1,0,"t","f","strict"
"2012","t","t","Back Bay","Apartment","Entire home/apt",5,2,2,2,"Real Bed",425,4,2,118,"t","t","strict"
"2133","t","t","East Boston","Apartment","Entire home/apt",8,2,4,4,"Real Bed",449,1,1,1,"t","f","strict"
"2228","f","f","East Boston","Apartment","Entire home/apt",12,3,3,4,"Real Bed",475,6,1,0,"t","f","moderate"
"2238","t","t","East Boston","House","Entire home/apt",16,3,6,8,"Real Bed",800,1,2,0,"f","f","strict"
"2278","f","f","Charlestown","House","Entire home/apt",10,4,5,6,"Real Bed",499,6,2,12,"t","t","strict"
"2282","f","t","Charlestown","House","Entire home/apt",7,3,4,5,"Real Bed",500,6,1,167,"f","t","strict"
"2287","f","f","Charlestown","Condominium","Private room",1,1,0,1,"Real Bed",1000,1,1,0,"t","f","flexible"
"2300","f","f","Charlestown","Condominium","Entire home/apt",6,3,3,3,"Real Bed",599,1,2,0,"f","f","moderate"
"2302","f","t","Charlestown","House","Entire home/apt",6,3,3,4,"Real Bed",600,2,4,5,"f","f","strict"
"2303","f","t","Charlestown","Townhouse","Entire home/apt",10,4,3,3,"Real Bed",700,1,1,1,"f","f","flexible"
"2310","f","f","Charlestown","Condominium","Entire home/apt",2,1,1,1,"Real Bed",600,1,1,0,"f","f","flexible"
"2328","f","f","Charlestown","House","Entire home/apt",8,2.5,3,4,"Real Bed",417,1,2,0,"f","f","strict"
"2333","f","f","Charlestown","Townhouse","Entire home/apt",6,2,3,5,"Real Bed",500,6,3,0,"f","f","flexible"
"2344","f","t","Charlestown","Condominium","Entire home/apt",5,2.5,2,2,"Real Bed",450,1,2,0,"f","f","moderate"
"2348","f","t","Charlestown","Apartment","Entire home/apt",3,2,2,2,"Real Bed",1000,1,200,0,"f","f","strict"
"2386","f","f","Charlestown","House","Entire home/apt",6,3,4,4,"Real Bed",780,1,2,7,"f","f","strict"
"2393","t","t","Charlestown","House","Entire home/apt",10,4,3,5,"Real Bed",625,1,2,3,"f","f","moderate"
"2406","f","f","Charlestown","Condominium","Entire home/apt",4,2,2,2,"Real Bed",450,1,1,0,"t","f","flexible"
"2411","f","f","Charlestown","Boat","Entire home/apt",8,3.5,4,6,"Real Bed",1250,6,3,6,"f","f","strict"
"2420","f","f","West End","Apartment","Entire home/apt",7,2,3,4,"Real Bed",429,1,2,8,"f","f","strict"
"2428","f","f","West End","Apartment","Entire home/apt",7,2,3,4,"Real Bed",429,1,2,24,"t","t","strict"
"2430","f","f","West End","Apartment","Entire home/apt",5,2,2,2,"Real Bed",800,1,10,0,"f","f","strict"
"2432","f","f","West End","Apartment","Entire home/apt",3,1,1,1,"Real Bed",571,1,10,0,"f","f","strict"
"2457","t","t","West End","Apartment","Entire home/apt",4,2,2,2,"Real Bed",514,1,5,0,"f","f","moderate"
"2461","f","f","West End","Apartment","Entire home/apt",5,2,2,2,"Real Bed",429,1,2,1,"f","f","strict"
"2466","f","f","West End","Apartment","Entire home/apt",5,2,2,3,"Real Bed",429,1,1,0,"t","f","strict"
"2474","f","f","West End","Apartment","Entire home/apt",5,2,2,2,"Real Bed",429,1,2,8,"f","t","strict"
"2476","f","f","West End","Apartment","Entire home/apt",5,2,2,3,"Real Bed",429,1,1,1,"t","f","strict"
"2518","f","f","Beacon Hill","Apartment","Entire home/apt",6,1.5,3,3,"Real Bed",769,1,2,17,"t","f","strict"
"2537","t","t","Beacon Hill","House","Entire home/apt",6,2.5,3,3,"Real Bed",750,1,2,6,"f","f","strict"
"2538","t","t","Beacon Hill","House","Entire home/apt",8,3.5,4,6,"Real Bed",750,6,4,25,"f","t","strict"
"2576","f","f","Beacon Hill","Apartment","Entire home/apt",4,2,2,2,"Real Bed",650,1,6,0,"f","f","moderate"
"2615","t","t","Beacon Hill","Apartment","Entire home/apt",7,2,4,5,"Real Bed",600,5,2,101,"t","t","strict"
"2618","f","t","Beacon Hill","Apartment","Entire home/apt",2,1,1,1,"Real Bed",425,2,2,19,"f","f","strict"
"2672","t","t","Beacon Hill","Townhouse","Entire home/apt",6,2.5,3,4,"Real Bed",450,1,1,52,"t","t","moderate"
"2683","f","f","Beacon Hill","House","Entire home/apt",7,2,4,4,"Real Bed",637,6,4,76,"t","f","strict"
"2700","f","f","Beacon Hill","House","Entire home/apt",6,4,4,4,"Real Bed",900,1,3,9,"f","f","strict"
"2757","f","f","Downtown","Apartment","Entire home/apt",7,2,3,4,"Real Bed",500,1,1,3,"f","f","strict"
"2764","f","f","Downtown","Apartment","Entire home/apt",5,2,2,3,"Real Bed",429,1,2,12,"t","t","strict"
"2769","f","f","Downtown","Loft","Entire home/apt",8,3,3,3,"Real Bed",700,1,3,42,"t","t","strict"
"2805","f","f","Downtown","Apartment","Entire home/apt",5,2,2,2,"Real Bed",800,1,3,1,"f","f","strict"
"2810","f","f","Downtown","Apartment","Entire home/apt",7,2,3,4,"Real Bed",429,1,2,28,"t","t","strict"
"2814","f","f","Downtown","Apartment","Entire home/apt",7,2,3,4,"Real Bed",429,1,2,9,"f","t","strict"
"2826","f","f","Downtown","Apartment","Entire home/apt",3,1,1,1,"Real Bed",571,1,3,1,"f","f","strict"
"2839","f","t","Downtown","Apartment","Entire home/apt",4,1,2,2,"Real Bed",699,1,2,4,"t","t","strict"
"2848","f","f","Downtown","Apartment","Entire home/apt",2,1,1,1,"Real Bed",595,1,1,0,"f","f","flexible"
"2889","f","t","Downtown","Condominium","Entire home/apt",3,1,1,1,"Real Bed",550,1,2,0,"t","f","strict"
"2891","f","t","Downtown","Other","Entire home/apt",5,2,2,3,"Real Bed",439,1,5,0,"f","f","moderate"
"2909","f","f","Downtown","Apartment","Entire home/apt",2,1,1,1,"Real Bed",595,1,1,0,"f","f","flexible"
"2922","f","f","Downtown","Apartment","Entire home/apt",5,2,2,2,"Real Bed",429,1,2,2,"f","f","strict"
"2926","f","f","Downtown","Apartment","Entire home/apt",5,2,2,3,"Real Bed",429,1,1,2,"t","f","strict"
"2936","f","t","Downtown","Apartment","Entire home/apt",2,1,1,1,"Real Bed",699,1,2,3,"t","t","strict"
"2941","f","f","Downtown","Boat","Entire home/apt",8,4,4,4,"Real Bed",3995,8,1,2,"f","f","strict"
"2945","f","t","Downtown","Condominium","Entire home/apt",4,2,2,2,"Real Bed",550,4,2,10,"f","f","strict"
"2951","f","f","Downtown","Apartment","Entire home/apt",5,2,2,3,"Real Bed",429,1,1,0,"t","f","strict"
"2964","f","f","Downtown","Apartment","Entire home/apt",5,2,2,3,"Real Bed",429,1,1,0,"t","f","strict"
"2966","f","f","Downtown","Apartment","Entire home/apt",5,2,2,2,"Real Bed",429,1,2,2,"f","f","strict"
"2969","f","f","Downtown","Apartment","Entire home/apt",5,2,2,2,"Real Bed",429,1,2,10,"t","t","strict"
"2972","f","f","Downtown","Apartment","Entire home/apt",5,2,2,2,"Real Bed",429,1,2,1,"t","f","strict"
"2982","f","f","Downtown","Apartment","Entire home/apt",5,2,2,2,"Real Bed",429,1,2,0,"f","f","strict"
"2985","f","f","Downtown","Apartment","Entire home/apt",5,2,2,2,"Real Bed",429,1,2,7,"t","t","strict"
"2988","f","f","Downtown","Apartment","Entire home/apt",5,2,2,2,"Real Bed",429,1,2,4,"f","f","strict"
"2989","f","t","Downtown","Apartment","Entire home/apt",8,3,3,3,"Real Bed",785,1,3,2,"f","f","strict"
"3016","f","f","Downtown","Apartment","Entire home/apt",6,2,2,2,"Real Bed",549,4,1,0,"t","f","strict"
"3024","f","f","Downtown","Apartment","Entire home/apt",6,2,2,2,"Real Bed",549,4,1,0,"t","f","strict"
"3026","t","f","Downtown","Apartment","Entire home/apt",4,2,2,2,"Real Bed",600,4,2,0,"f","f","flexible"
"3036","t","t","Downtown","Townhouse","Entire home/apt",6,1.5,2,3,"Futon",425,1,2,67,"t","t","strict"
"3037","f","f","Downtown","Apartment","Entire home/apt",5,2,2,2,"Real Bed",800,1,3,0,"f","f","strict"
"3103","f","f","Fenway","Apartment","Entire home/apt",5,2,2,2,"Real Bed",800,1,3,0,"f","f","strict"
"3104","f","f","Fenway","Apartment","Entire home/apt",4,1,1,2,"Real Bed",4000,2,6,1,"f","f","strict"
"3116","f","f","Fenway","Apartment","Entire home/apt",3,1,1,1,"Real Bed",571,1,30,0,"f","f","strict"
"3125","f","t","Fenway","Apartment","Entire home/apt",5,2,2,2,"Real Bed",500,1,1,13,"f","f","flexible"
"3137","f","f","Fenway","Apartment","Entire home/apt",5,2,2,2,"Real Bed",599,1,3,0,"f","f","strict"
"3151","f","f","Fenway","Apartment","Entire home/apt",5,2,2,2,"Real Bed",800,1,30,0,"f","f","strict"
"3156","f","f","Fenway","Apartment","Entire home/apt",5,2,2,2,"Real Bed",800,1,30,0,"f","f","strict"
"3158","f","f","Fenway","Apartment","Entire home/apt",5,2,2,2,"Real Bed",800,1,30,0,"f","f","strict"
"3166","f","f","Fenway","Apartment","Entire home/apt",5,2,2,2,"Real Bed",800,1,3,1,"f","f","strict"
"3169","f","f","Fenway","Apartment","Entire home/apt",3,1,1,1,"Real Bed",571,1,30,0,"f","f","strict"
"3170","f","f","Fenway","Apartment","Entire home/apt",3,1,1,1,"Real Bed",571,1,3,0,"f","f","strict"
"3174","f","f","Fenway","Apartment","Entire home/apt",3,1,1,1,"Real Bed",571,1,3,0,"f","f","strict"
"3182","f","t","Fenway","Apartment","Entire home/apt",5,2,2,3,"Real Bed",429,1,30,0,"f","f","moderate"
"3188","f","f","Fenway","Apartment","Entire home/apt",3,1,1,1,"Real Bed",571,1,30,0,"f","f","strict"
"3244","f","f","Fenway","Apartment","Entire home/apt",5,2,2,2,"Real Bed",499,1,3,0,"f","f","strict"
"3246","f","f","Fenway","Apartment","Entire home/apt",5,2,2,2,"Real Bed",499,1,3,0,"f","f","strict"
"3259","f","f","Fenway","Apartment","Entire home/apt",5,2,2,2,"Real Bed",599,1,3,0,"f","f","strict"
"3265","f","f","Fenway","Apartment","Entire home/apt",5,2,2,2,"Real Bed",800,1,3,1,"f","f","strict"
"3266","f","f","Fenway","Apartment","Entire home/apt",5,2,2,2,"Real Bed",599,1,3,0,"f","f","strict"
"3268","f","f","Fenway","Apartment","Entire home/apt",3,1,1,1,"Real Bed",571,1,3,0,"f","f","strict"
"3270","f","f","Fenway","Apartment","Entire home/apt",2,1,1,1,"Real Bed",592,1,1,0,"f","f","flexible"
"3279","f","f","Fenway","Apartment","Shared room",1,1,1,1,"Real Bed",750,1,1,0,"f","f","flexible"
"3354","f","f","Fenway","Apartment","Private room",2,2,1,1,"Real Bed",1275,1,1,0,"f","f","flexible"
"3442","f","f","Brighton","Apartment","Private room",1,1,1,1,"Real Bed",999,1,1,0,"f","f","flexible"
"3498","f","t","Brighton","House","Entire home/apt",10,1.5,5,5,"Real Bed",450,10,2,62,"f","t","strict"
"3525","t","f","Brighton","House","Entire home/apt",12,2,4,7,"Real Bed",450,10,3,52,"t","t","moderate"
"3615","f","t","Brighton","House","Entire home/apt",8,3,3,5,"Real Bed",480,4,3,12,"f","t","strict"
"3721","t","t","West Roxbury","House","Entire home/apt",14,3,6,7,"Real Bed",1100,1,3,0,"f","f","strict"
"3801","f","t","Mattapan","House","Entire home/apt",14,1.5,6,10,"Real Bed",900,1,2,1,"f","f","moderate"
"3929","f","f","Dorchester","House","Entire home/apt",8,2,4,4,"Real Bed",450,1,1,1,"f","f","strict"
"3976","f","f","Dorchester","House","Entire home/apt",10,3,5,5,"Real Bed",500,1,3,0,"f","f","moderate"
"4094","f","f","Dorchester","Condominium","Entire home/apt",9,2,4,5,"Real Bed",417,1,2,0,"f","f","strict"
"4209","f","t","Dorchester","House","Entire home/apt",10,1.5,4,5,"Real Bed",495,10,2,21,"f","f","strict"
"4231","f","f","South Boston Waterfront","Apartment","Entire home/apt",3,1,1,1,"Real Bed",571,1,3,0,"f","f","strict"
"4233","f","t","South Boston Waterfront","Apartment","Entire home/apt",7,2,3,3,"Real Bed",519,1,3,0,"f","f","moderate"
"4236","f","f","South Boston Waterfront","Apartment","Entire home/apt",7,2,3,3,"Real Bed",914,1,3,1,"f","f","strict"
"4242","f","f","South Boston Waterfront","Apartment","Entire home/apt",4,2,2,2,"Real Bed",3000,1,1,0,"f","f","flexible"
"4243","f","t","South Boston Waterfront","Apartment","Entire home/apt",6,3,3,4,"Real Bed",600,6,4,9,"f","f","strict"
"4252","f","t","South Boston Waterfront","Apartment","Entire home/apt",7,2,3,3,"Real Bed",519,1,3,5,"f","t","strict"
"4254","f","t","South Boston Waterfront","Apartment","Entire home/apt",7,2,3,3,"Real Bed",519,1,3,5,"f","f","strict"
"4255","f","t","South Boston Waterfront","Apartment","Entire home/apt",7,2,3,3,"Real Bed",519,1,3,1,"f","f","strict"
"4265","f","f","South Boston Waterfront","Apartment","Private room",2,1,1,1,"Real Bed",500,1,1,0,"f","f","flexible"
"4274","f","t","South Boston Waterfront","Apartment","Entire home/apt",6,2,3,4,"Real Bed",506,1,3,8,"f","t","moderate"
"4279","f","t","South Boston Waterfront","Apartment","Entire home/apt",6,2,3,4,"Real Bed",506,1,3,7,"f","f","moderate"
"4285","f","f","South Boston Waterfront","Apartment","Entire home/apt",3,1,1,1,"Real Bed",571,1,3,0,"f","f","strict"
"4287","f","f","South Boston Waterfront","Condominium","Entire home/apt",8,2.5,4,4,"Real Bed",550,1,1,0,"t","f","moderate"
"4318","t","t","South Boston","House","Entire home/apt",6,2.5,3,3,"Real Bed",500,1,2,26,"f","t","strict"
"4323","f","f","South Boston","House","Entire home/apt",6,3.5,4,4,"Real Bed",550,1,3,4,"f","f","strict"
"4340","f","f","South Boston","House","Entire home/apt",6,2.5,3,4,"Real Bed",500,1,2,0,"f","f","flexible"
"4355","t","t","South Boston","Apartment","Entire home/apt",16,2,6,16,"Real Bed",425,6,2,1,"f","f","strict"
"4366","t","t","South Boston","House","Entire home/apt",14,3.5,5,10,"Real Bed",450,6,2,24,"f","t","strict"
"4388","t","t","South Boston","Other","Entire home/apt",8,2,4,4,"Real Bed",500,6,3,17,"f","f","strict"
"4399","f","t","South Boston","Condominium","Entire home/apt",4,2,2,2,"Real Bed",700,1,3,5,"f","f","strict"
"4401","f","t","South Boston","Condominium","Entire home/apt",6,2,2,2,"Real Bed",500,2,1,4,"f","f","strict"
"4420","f","t","South Boston","House","Entire home/apt",10,2,3,3,"Real Bed",485,2,2,2,"f","f","moderate"
"4449","t","t","South Boston","Apartment","Entire home/apt",8,4,4,4,"Real Bed",500,1,2,143,"f","t","moderate"
"4471","f","f","South Boston","House","Entire home/apt",9,2,3,5,"Real Bed",1000,1,2,1,"f","f","flexible"
"4481","f","f","South Boston","House","Entire home/apt",8,1.5,5,5,"Real Bed",700,1,4,4,"t","f","super_strict_60"
"4483","f","t","South Boston","Apartment","Entire home/apt",4,2,2,2,"Real Bed",699,1,2,4,"t","t","strict"
"4493","f","f","South Boston","Apartment","Entire home/apt",12,2.5,3,6,"Real Bed",500,6,1,14,"f","t","strict"
"4500","t","t","South Boston","House","Entire home/apt",16,3.5,5,10,"Real Bed",650,6,2,10,"f","t","strict"
"4508","f","t","South Boston","Apartment","Entire home/apt",4,2,2,2,"Real Bed",699,1,2,5,"t","t","strict"
"4515","f","t","South Boston","Apartment","Entire home/apt",2,1.5,1,1,"Real Bed",500,1,2,0,"f","f","flexible"
"4591","f","t","Allston","Apartment","Entire home/apt",5,1,2,2,"Real Bed",524,1,2,0,"f","f","flexible"
"4675","f","t","Allston","Apartment","Entire home/apt",6,2,4,6,"Real Bed",452,6,4,12,"f","f","strict"
